[
	{
		"name": "Joe Flacco",
		"position": "Quarterback",
		"number": 5		
	},
	{
		"name": "Steve Smith Sr.",
		"position": "Wide Receiver",
		"number": 89		
	},
	{
		"name": "Marlon Brown",
		"position": "Wide Receiver",
		"number": 14
	},
	{
		"name": "Terrence Cody",
		"position": "Nose Tackle",
		"number": 62
	},
	{
		"name": "Chris Canty",
		"position": "Defensive Lineman",
		"number": 99
	},
	{
		"name": "Owen Daniels",
		"position": "Tight End",
		"number": 81
	},
	{
		"name": "Elvis Dumervil",
		"position": "Outside Linebacker",
		"number": 58
	},
	{
		"name": "Justin Forsett",
		"position": "Running Back",
		"number": 29
	},
	{
		"name": "Gino Gradkowski",
		"position": "Guard/Center",
		"number": 66
	},
	{
		"name": "Lawrence Guy",
		"position": "Defensive Tackle",
		"number": 67
	},
	{
		"name": "Will Hill",
		"position": "Free Safety",
		"number": 33
	},
	{
		"name": "Timmy Jernigan",
		"position": "Defensive Tackle",
		"number": 97
	},
	{
		"name": "Jacoby Jones",
		"position": "Wide Receiver / Returns",
		"number": 12
	},
	{
		"name": "Sam Koch",
		"position": "Punter",
		"number": 4
	},
	{
		"name": "Anthony Levine",
		"position": "Safety",
		"number": 41
	},
	{
		"name": "Albert McClellan",
		"position": "Linebacker",
		"number": 50
	},
	{
		"name": "Pernell McPhee",
		"position": "Outside Linebacker",
		"number": 90
	},
	{
		"name": "Rashaan Melvin",
		"position": "Cornerback",
		"number": 38
	},
	{
		"name": "Eugene Monroe",
		"position": "Tackle",
		"number": 60
	},
	{
		"name": "C.J. Mosley",
		"position": "Inside Linebacker",
		"number": 57
	},
	{
		"name": "Terrell Suggs",
		"position": "Outside Linebacker",
		"number": 55
	},
	{
		"name": "Justin Tucker",
		"position": "Kicker",
		"number": 9
	}
]