[
	{
		"Item": "images/1.jpg",
		"name":"NB Willow Bat",
		"sport":"cricket",
		"Price":"1299.00",
        "rating":"4.6"		
	},
	{
		"Item": "images/2.jpg",
		"name":"MRF Cricket Bat",
		"sport":"Cricket",
		"Price":"3499.00",
        "rating":"4.4"		
	},
	{
		"Item": "images/3.jpg",
		"name":"Reebok Willow Bat",
		"sport":"Cricket",
		"Price":"3999.00",
        "rating":"4.1"		
	},
	{
		"Item": "images/4.jpg",
		"name":"Spartan MS Dhoni bag",
		"sport":"Cricket",
		"Price":"1999.00",
        "rating":"4.6"		
	},
	{
		"Item": "images/5.jpg",
		"name":"Dixon Flashing Bails",
		"sport":"Cricket",
		"Price":"1630.00",
        "rating":"3.4"		
	},
	{
		"Item": "images/6.jpg",
		"name":"RPM Wooden wicket",
		"sport":"Cricket",
		"Price":"1277.00",
        "rating":"4.3"		
	},
	{
		"Item": "images/7.jpg",
		"name":"Cricket Helmet",
		"sport":"Cricket",
		"Price":"1349.00",
        "rating":"4.1"		
	},
	{
		"Item": "images/2.jpg",
		"name":"MRF Cricket Bat",
		"sport":"Cricket",
		"Price":"3499.00",
        "rating":"4.4"		
	},
	{
		"Item": "images/8.jpg",
		"name":"Cricket keeper Pads",
		"sport":"Cricket",
		"Price":"1899.00",
        "rating":"3.7"		
	},
	{
		"Item": "images/9.jpg",
		"name":"spartan Batting Gloves",
		"sport":"Cricket",
		"Price":"1650.00",
        "rating":"4.7"		
	},
	{
		"Item": "images/10.jpg",
		"name":"Yonex Badminton set",
		"sport":"Badminton",
		"Price":"2792.00",
        "rating":"4.6"		
	},
	{
		"Item": "images/11.jpg",
		"name":"Silver's Blacken 2 Racquets",
		"sport":"badminton",
		"Price":"3499.00",
        "rating":"3.9"		
	},
	{
		"Item": "images/12.jpg",
		"name":"Football Footwear",
		"sport":"Football",
		"Price":"1199.00",
        "rating":"3.3"		
	},
	{
		"Item": "images/13.jpg",
		"name":"Cosco Rio Football, Size 3",
		"sport":"Football",
		"Price":"1349.00",
        "rating":"4.4"		
	},
	{
		"Item": "images/14.jpg",
		"name":"Adidas Messi Q3 Football",
		"sport":"Football",
		"Price":"1699.00",
        "rating":"4.3"		
	},
	{
		"Item": "images/15.jpg",
		"name":"Inflatable furniture Air Pump",
		"sport":"Football",
		"Price":"1160.00",
        "rating":"4.0"		
	},
	{
		"Item": "images/21.jpg",
		"name":"Nike Football",
		"sport":"Football",
		"Price":"1469.00",
        "rating":"4.4"		
	},
	{
		"Item": "images/16.jpg",
		"name":"Intex Double Quick Air Pump",
		"sport":"Football",
		"Price":"1292.00",
        "rating":"4.5"		
	},
	{
		"Item": "images/17.jpg",
		"name":"Shamyaan Barcelona Jersey",
		"sport":"Football",
		"Price":"1999.00",
        "rating":"4.6"		
	},
	{
		"Item": "images/18.jpg",
		"name":"Ball Bags And Nets",
		"sport":"Football",
		"Price":"1149.00",
        "rating":"4.2"		
	},
	{
		"Item": "images/19.jpg",
		"name":"Konex CI-777 Swimming Goggles ",
		"sport":"swimming",
		"Price":"1260.00",
        "rating":"3.6"		
	},
	{
		"Item": "images/20.jpg",
		"name":"Viva Sports Swimming Cap VIVA Sports",
		"sport":"swimming",
		"Price":"1213.00",
        "rating":"3.7"		
	},
	{
		"Item": "images/24.jpg",
		"name":"Swimming Jammers (Black-Red)",
		"sport":"swimming",
		"Price":"1398.00",
        "rating":"3.1"		
	},
	{
		"Item": "images/25.jpg",
		"name":"Swimming Jammers (Black-Red)",
		"sport":"swimming",
		"Price":"1788.00",
        "rating":"3.4"		
	},
	{
		"Item": "images/22.jpg",
		"name":"Nivia Tennis racquet",
		"sport":"Tennis",
		"Price":"1918.00",
        "rating":"3.7"		
	},
	{
		"Item": "images/23.jpg",
		"name":"Cosco Atacker Racquets",
		"sport":"Tennis",
		"Price":"1188.00",
        "rating":"4.1"		
	}
	]